"guid","iconPath"
"4100010","data/ui/2kimages/main/3dicons/icon_anarchist.png"
"410040","data/ui/2kimages/main/3dicons/icon_dlc_sunken_treasure_256.png"
"410041","data/ui/2kimages/main/3dicons/icon_dlc_botanica_256.png"
"410042","data/ui/2kimages/main/3dicons/icon_dlc_passage_256.png"
"410059","data/ui/2kimages/main/3dicons/icon_dlc_palace_256.png"
"410070","data/ui/2kimages/main/3dicons/icon_dlc_bright_harvest_256.png"
"410071","data/ui/2kimages/main/3dicons/icon_dlc_land_of_lions_256.png"
"410083","data/ui/2kimages/main/3dicons/icon_dlc_docklands_256.png"
"410084","data/ui/2kimages/main/3dicons/icon_dlc_tourist_season_256.png"
"410085","data/ui/2kimages/main/3dicons/icon_dlc_high_life_256.png"
"24961","data/ui/2kimages/main/3dicons/icon_dlc_seeds_of_change_256.png"
"24962","data/ui/2kimages/main/3dicons/icon_dlc_empire_of_the_skies_256.png"
"24963","data/ui/2kimages/main/3dicons/icon_dlc_new_world_rising_256.png"
"24798","data/ui/2kimages/main/3dicons/icon_cane_sugar_1.png"
"25003","data/ui/2kimages/main/3dicons/icon_corn.png"
"25005","data/ui/2kimages/main/3dicons/icon_coffee_beans.png"
"25006","data/ui/2kimages/main/3dicons/icon_caoutchouc.png"
"25009","data/ui/2kimages/main/3dicons/icon_cocoa.png"
"25019","data/ui/2kimages/main/3dicons/icon_potatoes.png"
"25020","data/ui/2kimages/main/3dicons/goods_africa/icon_spices.png"
"25128","data/ui/2kimages/main/3dicons/icon_cereals_2.png"
"24801","data/ui/2kimages/main/3dicons/icon_rum_barrel.png"
"25064","data/ui/2kimages/main/3dicons/icon_beer.png"
"25126","data/ui/2kimages/main/3dicons/scenario/goods/icon_atole.png"
"25350","data/ui/2kimages/main/3dicons/icon_schnapps_4.png"
"25508","data/ui/2kimages/main/3dicons/icon_tabasco_sauce.png"
"24805","data/ui/2kimages/main/3dicons/hacienda/icon_hacienda_module_fertiliser.png"
"1010262","data/ui/2kimages/main/3dicons/icon_cereals_2.png"
"1010263","data/ui/2kimages/main/3dicons/icon_meat_raw.png"
"1010264","data/ui/2kimages/main/3dicons/icon_hops.png"
"1010265","data/ui/2kimages/main/3dicons/icon_potatoes.png"
"1010266","data/ui/2kimages/main/3dicons/icon_wood_log.png"
"1010267","data/ui/2kimages/main/3dicons/icon_wool.png"
"1010269","data/ui/2kimages/main/3dicons/icon_pigs.png"
"1010558","data/ui/2kimages/main/3dicons/icon_fur.png"
"100654","data/ui/2kimages/main/3dicons/icon_pepper.png"
"100655","data/ui/2kimages/main/3dicons/icon_grapes.png"
"1010278","data/ui/2kimages/main/3dicons/icon_fish.png"
"1010310","data/ui/2kimages/main/3dicons/icon_niter.png"
"1010560","data/ui/2kimages/main/3dicons/icon_quartz_sand.png"
"1010280","data/ui/2kimages/main/3dicons/icon_reinforced_concrete.png"
"1010281","data/ui/2kimages/main/3dicons/icon_soap_2.png"
"1010283","data/ui/2kimages/main/3dicons/icon_bricks.png"
"100451","data/ui/2kimages/main/3dicons/icon_wooden_planks.png"
"1010325","data/ui/2kimages/main/3dicons/icon_fur_coats.png"
"1010286","data/ui/2kimages/main/3dicons/icon_light_bulb.png"
"1010285","data/ui/2kimages/main/3dicons/icon_glass_window_3.png"
"1010288","data/ui/2kimages/main/3dicons/icon_sail.png"
"100416","data/ui/2kimages/main/3dicons/icon_clay.png"
"1010289","data/ui/2kimages/main/3dicons/icon_chassis.png"
"1010291","data/ui/2kimages/main/3dicons/icon_bread.png"
"1010292","data/ui/2kimages/main/3dicons/icon_beer.png"
"1010293","data/ui/2kimages/main/3dicons/icon_goulash_01.png"
"1010295","data/ui/2kimages/main/3dicons/icon_canned_goulash.png"
"1010294","data/ui/2kimages/main/3dicons/icon_schnapps_4.png"
"1010316","data/ui/2kimages/main/3dicons/icon_meat_sausage.png"
"100659","data/ui/2kimages/main/3dicons/icon_champagne.png"
"1010296","data/ui/2kimages/main/3dicons/icon_beams.png"
"1010297","data/ui/2kimages/main/3dicons/icon_steel.png"
"1010298","data/ui/2kimages/main/3dicons/icon_coal_burn.png"
"1010299","data/ui/2kimages/main/3dicons/icon_weapons.png"
"1010301","data/ui/2kimages/main/3dicons/icon_advanced_weaponry.png"
"1010302","data/ui/2kimages/main/3dicons/icon_steam_machine.png"
"1010303","data/ui/2kimages/main/3dicons/icon_steam_carriage.png"
"1010282","data/ui/2kimages/main/3dicons/icon_brass.png"
"101331","data/ui/2kimages/main/3dicons/icon_oil.png"
"1010304","data/ui/2kimages/main/3dicons/icon_coal_2.png"
"1010305","data/ui/2kimages/main/3dicons/icon_iron.png"
"1010307","data/ui/2kimages/main/3dicons/icon_tin_ore.png"
"1010308","data/ui/2kimages/main/3dicons/icon_copper.png"
"1010309","data/ui/2kimages/main/3dicons/icon_cement.png"
"1010312","data/ui/2kimages/main/3dicons/icon_tallow.png"
"1010313","data/ui/2kimages/main/3dicons/icon_flour.png"
"1010314","data/ui/2kimages/main/3dicons/icon_malt.png"
"1010315","data/ui/2kimages/main/3dicons/icon_working_cloth.png"
"1010300","data/ui/2kimages/main/3dicons/icon_dynamite.png"
"1010319","data/ui/2kimages/main/3dicons/icon_glass.png"
"1010320","data/ui/2kimages/main/3dicons/icon_inlay.png"
"1010321","data/ui/2kimages/main/3dicons/icon_carbon_filament.png"
"1010323","data/ui/2kimages/main/3dicons/icon_high_wheeler.png"
"1010324","data/ui/2kimages/main/3dicons/icon_pocket_watch.png"
"1010284","data/ui/2kimages/main/3dicons/icon_sewing_machine.png"
"1010326","data/ui/2kimages/main/3dicons/icon_phonographs.png"
"1010327","data/ui/2kimages/main/3dicons/icon_gold.png"
"1010328","data/ui/2kimages/main/3dicons/icon_jewelry.png"
"101250","data/ui/2kimages/main/3dicons/icon_glasses.png"
"1010329","data/ui/2kimages/main/3dicons/icon_cane_sugar_1.png"
"1010330","data/ui/2kimages/main/3dicons/icon_tobacco.png"
"1010331","data/ui/2kimages/main/3dicons/icon_cotton.png"
"1010332","data/ui/2kimages/main/3dicons/icon_cocoa.png"
"1010333","data/ui/2kimages/main/3dicons/icon_caoutchouc.png"
"101251","data/ui/2kimages/main/3dicons/icon_coffee_beans.png"
"101263","data/ui/2kimages/main/3dicons/icon_banana.png"
"101269","data/ui/2kimages/main/3dicons/icon_meat_raw.png"
"101270","data/ui/2kimages/main/3dicons/icon_corn.png"
"101272","data/ui/2kimages/main/3dicons/icon_alpaca_wool.png"
"1010339","data/ui/2kimages/main/3dicons/icon_pearls.png"
"101262","data/ui/2kimages/main/3dicons/icon_fishoil.png"
"1010318","data/ui/2kimages/main/3dicons/icon_cotton_fur.png"
"101415","data/ui/2kimages/main/3dicons/icon_felt.png"
"101273","data/ui/2kimages/main/3dicons/icon_bowler_hat.png"
"1010340","data/ui/2kimages/main/3dicons/icon_rum_barrel.png"
"1010341","data/ui/2kimages/main/3dicons/icon_chocolate.png"
"101252","data/ui/2kimages/main/3dicons/icon_coffe_cup.png"
"101264","data/ui/2kimages/main/3dicons/icon_fried_bananas.png"
"101271","data/ui/2kimages/main/3dicons/icon_burrito.png"
"1010317","data/ui/2kimages/main/3dicons/icon_salt.png"
"101266","data/ui/2kimages/main/3dicons/icon_poncho.png"
"1010342","data/ui/2kimages/main/3dicons/icon_cigars.png"
"114703","data/ui/2kimages/main/3dicons/icon_wood_log.png"
"112667","data/ui/2kimages/main/3dicons/icon_reindeer_meat.png"
"112676","data/ui/2kimages/main/3dicons/icon_goose_feathers.png"
"112673","data/ui/2kimages/main/3dicons/icon_bear_fur.png"
"112682","data/ui/2kimages/main/3dicons/animals/icon_husky.png"
"116034","data/ui/2kimages/main/3dicons/icon_fur.png"
"114705","data/ui/2kimages/main/3dicons/icon_coal_burn.png"
"112666","data/ui/2kimages/main/3dicons/icon_whale_oil_2.png"
"112674","data/ui/2kimages/main/3dicons/icon_seal_skin.png"
"114704","data/ui/2kimages/main/3dicons/icon_wooden_planks.png"
"112675","data/ui/2kimages/main/3dicons/icon_sleeping_bags.png"
"112679","data/ui/2kimages/main/3dicons/icon_oil_lamps.png"
"112672","data/ui/2kimages/main/3dicons/icon_fur_parka.png"
"112681","data/ui/2kimages/main/3dicons/icon_sled_frame.png"
"112680","data/ui/2kimages/main/3dicons/icon_sled.png"
"112668","data/ui/2kimages/main/3dicons/icon_pemmican.png"
"112690","data/ui/2kimages/main/3dicons/icon_gas_red.png"
"116029","data/ui/2kimages/main/3dicons/icon_gold_ore.png"
"118571","data/ui/2kimages/main/3dicons/icon_gasoline.png"
"269840","data/ui/2kimages/main/3dicons/icon_gasoline.png"
"119028","data/ui/2kimages/main/3dicons/icon_gasoline.png"
"133004","data/ui/2kimages/main/3dicons/icon_coconut.png"
"133030","data/ui/2kimages/main/3dicons/icon_cinamon.png"
"133031","data/ui/2kimages/main/3dicons/icon_citrus.png"
"134614","data/ui/2kimages/main/3dicons/icon_cellulose.png"
"924","data/ui/2kimages/main/3dicons/drop_goods/icon_dropgood_bomb_b.png"
"934","data/ui/2kimages/main/3dicons/drop_goods/icon_dropgood_seamines.png"
"935","data/ui/2kimages/main/3dicons/drop_goods/icon_dropgood_pamphlets.png"
"936","data/ui/2kimages/main/3dicons/drop_goods/icon_dropgood_care_packages.png"
"1345","data/ui/2kimages/main/3dicons/icon_coal_burn.png"
"1418","data/ui/2kimages/main/3dicons/icon_industrial_lubricant_a.png"
"835","data/ui/2kimages/main/3dicons/icon_aluminium.png"
"906","data/ui/2kimages/main/3dicons/drop_goods/icon_dropgood_bomb_b.png"
"907","data/ui/2kimages/main/3dicons/drop_goods/icon_dropgood_seamines.png"
"908","data/ui/2kimages/main/3dicons/drop_goods/icon_dropgood_pamphlets.png"
"916","data/ui/2kimages/main/3dicons/drop_goods/icon_dropgood_care_packages.png"
"915","data/ui/2kimages/main/3dicons/drop_goods/icon_dropgood_water.png"
"1308","data/ui/2kimages/main/3dicons/icon_bauxit.png"
"1353","data/ui/2kimages/main/3dicons/icon_helium.png"
"122963","data/ui/2kimages/main/3dicons/goods_africa/icon_wansa_wood.png"
"114448","data/ui/2kimages/main/3dicons/goods_africa/icon_linen_farm.png"
"114447","data/ui/2kimages/main/3dicons/goods_africa/icon_hibiscus_farm.png"
"114450","data/ui/2kimages/main/3dicons/goods_africa/icon_teff_grass.png"
"114451","data/ui/2kimages/main/3dicons/goods_africa/icon_indigo.png"
"114452","data/ui/2kimages/main/3dicons/goods_africa/icon_spices.png"
"114453","data/ui/2kimages/main/3dicons/goods_africa/icon_beeswax.png"
"114439","data/ui/2kimages/main/3dicons/goods_africa/icon_watusi.png"
"114456","data/ui/2kimages/main/3dicons/goods_africa/icon_goat_milk.png"
"114440","data/ui/2kimages/main/3dicons/goods_africa/icon_salt.png"
"118729","data/ui/2kimages/main/3dicons/goods_africa/icon_seafood.png"
"117743","data/ui/2kimages/main/3dicons/icon_clay.png"
"117744","data/ui/2kimages/main/3dicons/goods_africa/icon_paper.png"
"114441","data/ui/2kimages/main/3dicons/goods_africa/icon_linen_fabric.png"
"114459","data/ui/2kimages/main/3dicons/goods_africa/icon_teff_flour.png"
"114461","data/ui/2kimages/main/3dicons/goods_africa/icon_candles.png"
"114444","data/ui/2kimages/main/3dicons/goods_africa/icon_dried_meat.png"
"114466","data/ui/2kimages/main/3dicons/goods_africa/icon_traditional_clothing.png"
"114468","data/ui/2kimages/main/3dicons/goods_africa/icon_hibiscus_tea.png"
"118725","data/ui/2kimages/main/3dicons/goods_africa/icon_ceramics.png"
"114469","data/ui/2kimages/main/3dicons/goods_africa/icon_tapestries.png"
"114467","data/ui/2kimages/main/3dicons/goods_africa/icon_mud_bricks.png"
"114471","data/ui/2kimages/main/3dicons/goods_africa/icon_wat_stew.png"
"114472","data/ui/2kimages/main/3dicons/goods_africa/icon_tobacco_pipes.png"
"114470","data/ui/2kimages/main/3dicons/goods_africa/icon_scriptures.png"
"114464","data/ui/2kimages/main/3dicons/goods_africa/icon_lanterns.png"
"118733","data/ui/2kimages/main/3dicons/goods_africa/icon_leather_shoes.png"
"118734","data/ui/2kimages/main/3dicons/goods_africa/icon_suits.png"
"118735","data/ui/2kimages/main/3dicons/goods_africa/icon_telephones.png"
"124738","data/ui/2kimages/main/3dicons/icon_coffe_cup.png"
"124737","data/ui/2kimages/main/3dicons/icon_rum_barrel.png"
"124739","data/ui/2kimages/main/3dicons/icon_cotton_fur.png"
"132777","data/ui/2kimages/main/3dicons/icon_lemonade.png"
"132786","data/ui/2kimages/main/3dicons/icon_shampoo.png"
"133533","data/ui/2kimages/main/3dicons/icon_souvenir.png"
"133496","data/ui/2kimages/main/3dicons/icon_jam.png"
"135088","data/ui/2kimages/main/3dicons/icon_cherry_wood.png"
"135085","data/ui/2kimages/main/3dicons/icon_wood_resin.png"
"134622","data/ui/2kimages/main/3dicons/goods_highlife/icon_elevator.png"
"135361","data/ui/2kimages/main/3dicons/goods_highlife/icon_cookie.png"
"135148","data/ui/2kimages/main/3dicons/goods_highlife/icon_typewriter.png"
"135133","data/ui/2kimages/main/3dicons/goods_highlife/icon_lacquer.png"
"135418","data/ui/2kimages/main/3dicons/goods_highlife/icon_cognac.png"
"135397","data/ui/2kimages/main/3dicons/goods_highlife/icon_violin.png"
"135407","data/ui/2kimages/main/3dicons/goods_highlife/icon_billard.png"
"135669","data/ui/2kimages/main/3dicons/goods_highlife/icon_toys.png"
"135185","data/ui/2kimages/main/3dicons/goods_highlife/icon_bubble_gum.png"
"135134","data/ui/2kimages/main/3dicons/goods_highlife/icon_ethanol.png"
"135224","data/ui/2kimages/main/3dicons/goods_highlife/icon_celluloid.png"
"5457","data/ui/2kimages/main/3dicons/production_goods/icon_nandu_leather.png"
"5463","data/ui/2kimages/main/3dicons/production_goods/icon_herbs_with_flower.png"
"5814","data/ui/2kimages/main/3dicons/production_goods/icon_orchid.png"
"7919","data/ui/2kimages/main/3dicons/production_goods/icon_squid.png"
"6080","data/ui/2kimages/main/3dicons/icon_steel.png"
"6083","data/ui/2kimages/main/3dicons/icon_sewing_machine.png"
"6279","data/ui/2kimages/main/3dicons/scenario/goods/icon_electric_cable_3.png"
"5458","data/ui/2kimages/main/3dicons/production_goods/icon_jalea.png"
"5459","data/ui/2kimages/main/3dicons/production_goods/icon_icecream_cone.png"
"6594","data/ui/2kimages/main/3dicons/production_goods/icon_mezcal.png"
"5658","data/ui/2kimages/main/3dicons/production_goods/icon_scooter.png"
"5659","data/ui/2kimages/main/3dicons/production_goods/icon_motor.png"
"5862","data/ui/2kimages/main/3dicons/production_goods/icon_ventilator.png"
"1388","data/ui/2kimages/main/3dicons/icon_iron.png"
"1390","data/ui/2kimages/main/3dicons/production_goods/icon_minerals.png"
"5657","data/ui/2kimages/main/3dicons/production_goods/icon_perfume.png"
"5879","data/ui/2kimages/main/3dicons/production_goods/icon_ballsports.png"
"5933","data/ui/2kimages/main/3dicons/production_goods/icon_costumes.png"
"5828","data/ui/2kimages/main/3dicons/production_goods/icon_film_role.png"
"6630","data/ui/2kimages/main/3dicons/recipes/icon_police_equipment.png"
"6629","data/ui/2kimages/main/3dicons/production_goods/icon_extinguisher.png"
"6631","data/ui/2kimages/main/3dicons/production_goods/icon_medicine.png"
"5462","data/ui/2kimages/main/3dicons/production_goods/icon_pigments.png"
"8027","data/ui/2kimages/main/3dicons/icon_niter.png"
"8002","data/ui/2kimages/main/3dicons/icon_sheep_milk.png"
"8026","data/ui/2kimages/main/3dicons/production_goods/icon_nandu_feathers.png"
"190872","data/ui/2kimages/main/3dicons/icon_dung.png"
"190619","data/ui/2kimages/main/3dicons/specialists/systemic/icon_fisherman_102.png"
"190620","data/ui/2kimages/main/3dicons/specialists/systemic/icon_pearl_diver_201.png"
"190621","data/ui/2kimages/main/3dicons/specialists/systemic/icon_worker_414.png"
"190622","data/ui/2kimages/main/3dicons/specialists/systemic/icon_navigator_102.png"
"190625","data/ui/2kimages/main/3dicons/specialists/systemic/icon_normal_dressed_206.png"
"190626","data/ui/2kimages/main/3dicons/specialists/systemic/icon_normal_dressed_201_c.png"
"190627","data/ui/2kimages/main/3dicons/specialists/systemic/icon_well_dressed_106.png"
"190628","data/ui/2kimages/main/3dicons/specialists/systemic/icon_baker_101.png"
"190630","data/ui/2kimages/main/3dicons/specialists/systemic/icon_baker_401_b.png"
"190632","data/ui/2kimages/main/3dicons/specialists/systemic/icon_baker_102.png"
"190642","data/ui/2kimages/main/3dicons/specialists/systemic/icon_teacher_805.png"
"190643","data/ui/2kimages/main/3dicons/specialists/systemic/icon_torcedor_512.png"
"190689","data/ui/2kimages/main/3dicons/specialists/systemic/icon_farmer_201.png"
"190690","data/ui/2kimages/main/3dicons/specialists/systemic/icon_farmer_403.png"
"190691","data/ui/2kimages/main/3dicons/specialists/systemic/icon_normaldress_308.png"
"190692","data/ui/2kimages/main/3dicons/specialists/systemic/icon_farmer_105.png"
"190693","data/ui/2kimages/main/3dicons/specialists/systemic/icon_farmer_102_b.png"
"190742","data/ui/2kimages/main/3dicons/specialists/systemic/icon_explorer_716.png"
"190737","data/ui/2kimages/main/3dicons/specialists/icon_hunter_native.png"
"190738","data/ui/2kimages/main/3dicons/specialists/systemic/icon_forester_401.png"
"190743","data/ui/2kimages/main/3dicons/specialists/icon_hunter_common.png"
"190750","data/ui/2kimages/main/3dicons/specialists/systemic/icon_farmer_302.png"
"190751","data/ui/2kimages/main/3dicons/specialists/systemic/icon_normal_dressed_105.png"
"190761","data/ui/2kimages/main/3dicons/specialists/systemic/icon_well_dressed_104.png"
"191309","data/ui/2kimages/main/3dicons/specialists/systemic/icon_travelagent_723.png"
"191310","data/ui/2kimages/main/3dicons/specialists/systemic/icon_well_dressed_206.png"
"191318","data/ui/2kimages/main/3dicons/specialists/systemic/icon_worker_418.png"
"191319","data/ui/2kimages/main/3dicons/specialists/systemic/icon_well_dressed_206.png"
"191323","data/ui/2kimages/main/3dicons/specialists/systemic/icon_well_dressed_407.png"
"191324","data/ui/2kimages/main/3dicons/specialists/systemic/icon_well_dressed_108.png"
"191327","data/ui/2kimages/main/3dicons/specialists/systemic/icon_normaldress_304.png"
"191348","data/ui/2kimages/main/3dicons/specialists/systemic/icon_well_dressed_409.png"
"191328","data/ui/2kimages/main/3dicons/specialists/systemic/icon_well_dressed_401.png"
"192039","data/ui/2kimages/main/3dicons/specialists/icon_boris_franke.png"
"191329","data/ui/2kimages/main/3dicons/specialists/systemic/icon_normaldress_810.png"
"191345","data/ui/2kimages/main/3dicons/specialists/systemic/icon_normal_dressed_601.png"
"191349","data/ui/2kimages/main/3dicons/specialists/systemic/icon_entertainer_508.png"
"191346","data/ui/2kimages/main/3dicons/specialists/systemic/icon_well_dressed_602.png"
"191347","data/ui/2kimages/main/3dicons/specialists/systemic/icon_teacher_515.png"
"191331","data/ui/2kimages/main/3dicons/specialists/systemic/icon_baker_101.png"
"191332","data/ui/2kimages/main/3dicons/specialists/systemic/icon_baker_202_b.png"
"191356","data/ui/2kimages/main/3dicons/specialists/systemic/icon_baker_201.png"
"191333","data/ui/2kimages/main/3dicons/specialists/systemic/icon_baker_401.png"
"191334","data/ui/2kimages/main/3dicons/specialists/systemic/icon_baker_102.png"
"191375","data/ui/2kimages/main/3dicons/specialists/systemic/icon_normal_dressed_106.png"
"191353","data/ui/2kimages/main/3dicons/specialists/systemic/icon_normal_dressed_401.png"
"191376","data/ui/2kimages/main/3dicons/specialists/systemic/icon_worker_109.png"
"191354","data/ui/2kimages/main/3dicons/specialists/systemic/icon_normal_dressed_202.png"
"191355","data/ui/2kimages/main/3dicons/specialists/systemic/icon_normal_dressed_102.png"
"191369","data/ui/2kimages/main/3dicons/specialists/systemic/icon_normaldress_815.png"
"191370","data/ui/2kimages/main/3dicons/specialists/systemic/icon_welldress_812.png"
"191371","data/ui/2kimages/main/3dicons/specialists/systemic/icon_curator_702.png"
"191383","data/ui/2kimages/main/3dicons/specialists/icon_priest_uncommon.png"
"191386","data/ui/2kimages/main/3dicons/specialists/systemic/icon_baker_202_b.png"
"191387","data/ui/2kimages/main/3dicons/specialists/systemic/icon_farmer_602.png"
"191402","data/ui/2kimages/main/3dicons/specialists/systemic/icon_entertainer_508.png"
"191403","data/ui/2kimages/main/3dicons/specialists/systemic/icon_baker_101.png"
"191401","data/ui/2kimages/main/3dicons/specialists/systemic/icon_baker_402.png"
"191388","data/ui/2kimages/main/3dicons/specialists/systemic/icon_baker_102.png"
"191404","data/ui/2kimages/main/3dicons/specialists/systemic/icon_baker_401_c.png"
"191406","data/ui/2kimages/main/3dicons/specialists/systemic/icon_baker_201.png"
"191407","data/ui/2kimages/main/3dicons/specialists/systemic/icon_well_dressed_401.png"
"191400","data/ui/2kimages/main/3dicons/specialists/systemic/icon_baker_401.png"
"191405","data/ui/2kimages/main/3dicons/specialists/systemic/icon_normal_dressed_401.png"
"191408","data/ui/2kimages/main/3dicons/specialists/systemic/icon_well_dressed_201.png"
"191418","data/ui/2kimages/main/3dicons/specialists/systemic/icon_worker_206.png"
"191419","data/ui/2kimages/main/3dicons/specialists/systemic/icon_normal_dressed_401.png"
"191420","data/ui/2kimages/main/3dicons/specialists/systemic/icon_well_dressed_406.png"
"191424","data/ui/2kimages/main/3dicons/specialists/systemic/icon_normal_dressed_202.png"
"191422","data/ui/2kimages/main/3dicons/specialists/systemic/icon_well_dressed_205.png"
"191425","data/ui/2kimages/main/3dicons/specialists/systemic/icon_carpenter_721.png"
"191428","data/ui/2kimages/main/3dicons/specialists/systemic/icon_worker_204.png"
"191430","data/ui/2kimages/main/3dicons/specialists/systemic/icon_worker_202.png"
"191431","data/ui/2kimages/main/3dicons/specialists/systemic/icon_well_dressed_107.png"
"191462","data/ui/2kimages/main/3dicons/specialists/systemic/icon_worker_205.png"
"191463","data/ui/2kimages/main/3dicons/specialists/systemic/icon_worker_109.png"
"191465","data/ui/2kimages/main/3dicons/specialists/systemic/icon_well_dressed_103.png"
"191583","data/ui/2kimages/main/3dicons/specialists/systemic/icon_shepherd_519.png"
"191584","data/ui/2kimages/main/3dicons/specialists/systemic/icon_normal_dressed_207.png"
"191590","data/ui/2kimages/main/3dicons/specialists/systemic/icon_normal_dressed_106.png"
"191591","data/ui/2kimages/main/3dicons/specialists/systemic/icon_well_dressed_204.png"
"192443","data/ui/2kimages/main/3dicons/specialists/influencer/icon_influencer_lewis_2.png"
"193187","data/ui/2kimages/main/3dicons/specialists/influencer/icon_influencer_alex_hancock.png"
"116162","data/ui/2kimages/main/3dicons/machine_items/icon_lamp_maker.png"
"116163","data/ui/2kimages/main/3dicons/machine_items/icon_electric_battery.png"
"116164","data/ui/2kimages/main/3dicons/machine_items/icon_berries_press.png"
"116165","data/ui/2kimages/main/3dicons/machine_items/icon_canning_machine.png"
"116167","data/ui/2kimages/main/3dicons/machine_items/icon_gas_extractor.png"
"116185","data/ui/2kimages/main/3dicons/machine_items/icon_cola_mola_machine.png"
"116187","data/ui/2kimages/main/3dicons/machine_items/icon_cigars_roller.png"
"116189","data/ui/2kimages/main/3dicons/machine_items/icon_ballon_radar.png"
"116190","data/ui/2kimages/main/3dicons/machine_items/icon_electric_potato_harvester.png"
"24806","data/ui/2kimages/main/3dicons/icon_dung.png"
"7225","data/ui/2kimages/main/3dicons/specialists/systemic/icon_inuit_specialist_1003_a.png"
"8347","data/ui/2kimages/main/3dicons/specialists/systemic/icon_shepherd_509.png"
"8348","data/ui/2kimages/main/3dicons/specialists/systemic/icon_worker_328.png"
"8351","data/ui/2kimages/main/3dicons/specialists/systemic/icon_forester_822.png"
"8355","data/ui/2kimages/main/3dicons/specialists/systemic/icon_well_dressed_105.png"
"8356","data/ui/2kimages/main/3dicons/specialists/systemic/icon_shepherd_510.png"
"112879","data/ui/2kimages/main/3dicons/consumables/icon_gold_ore_finder_3.png"
"112880","data/ui/2kimages/main/3dicons/consumables/icon_gold_ore_finder_2.png"
"112881","data/ui/2kimages/main/3dicons/consumables/icon_gold_ore_finder_1.png"
"112882","data/ui/2kimages/main/3dicons/consumables/icon_ore_finder_3.png"
"112883","data/ui/2kimages/main/3dicons/consumables/icon_ore_finder_2.png"
"112884","data/ui/2kimages/main/3dicons/consumables/icon_ore_finder_1.png"
"112885","data/ui/2kimages/main/3dicons/consumables/icon_oil_extractor_3.png"
"112886","data/ui/2kimages/main/3dicons/consumables/icon_oil_extractor_2.png"
"112887","data/ui/2kimages/main/3dicons/consumables/icon_oil_extractor_1.png"
"113799","data/ui/2kimages/main/3dicons/specialists/systemic/sunken_treasure_rewards/icon_coffee_specialist_800.png"
"116132","data/ui/2kimages/main/3dicons/specialists/systemic/icon_inuit_specialist_1000.png"
"116144","data/ui/2kimages/main/3dicons/specialists/systemic/icon_inuit_specialist_901b.png"
"116152","data/ui/2kimages/main/3dicons/specialists/systemic/icon_inuit_specialist_1005_b.png"
"116153","data/ui/2kimages/main/3dicons/specialists/systemic/icon_inuit_specialist_904.png"
"116154","data/ui/2kimages/main/3dicons/specialists/systemic/icon_inuit_specialist_1004.png"
"125112","data/ui/2kimages/main/3dicons/specialists/africa/icon_herder_1.png"
"125118","data/ui/2kimages/main/3dicons/specialists/africa/icon_innkeeper_2.png"
"125122","data/ui/2kimages/main/3dicons/specialists/africa/icon_enbesan_cook_3b.png"
"125124","data/ui/2kimages/main/3dicons/specialists/africa/icon_ewahedo_faith_2.png"
"125128","data/ui/2kimages/main/3dicons/specialists/africa/icon_traditional_handcraft_3b.png"
"125129","data/ui/2kimages/main/3dicons/specialists/africa/icon_water_use_expert_1.png"
"125133","data/ui/2kimages/main/3dicons/specialists/africa/icon_keeper_of_tradition_2.png"
"125138","data/ui/2kimages/main/3dicons/specialists/africa/icon_tailor_2.png"
"125139","data/ui/2kimages/main/3dicons/specialists/africa/icon_tailor_3.png"
"136739","data/ui/2kimages/main/3dicons/highlife/icon_plantation_item_2.png"
"136746","data/ui/2kimages/main/3dicons/highlife/icon_chemical_plant_item_2.png"
"136647","data/ui/2kimages/main/3dicons/specialists/highlife/icon_specialist_chef_1.png"
"136649","data/ui/2kimages/main/3dicons/specialists/highlife/icon_specialist_chef_3.png"
"958","data/ui/2kimages/main/3dicons/specialists/empireofskies/icon_combustion_chemist.png"
"1772","data/ui/2kimages/main/3dicons/specialists/empireofskies/icon_cold_fracking_expert_a.png"
"1964","data/ui/2kimages/main/3dicons/specialists/empireofskies/icon_nw_dung_collector.png"
"1897","data/ui/2kimages/main/3dicons/specialists/empireofskies/icon_synthesis_expert.png"
"1966","data/ui/2kimages/main/3dicons/specialists/empireofskies/icon_enbesa_dung_collector.png"
"1961","data/ui/2kimages/main/3dicons/specialists/empireofskies/icon_top_soil_scientist_sa.png"
"1956","data/ui/2kimages/main/3dicons/specialists/empireofskies/icon_top_soil_scientist_eu.png"
"1948","data/ui/2kimages/main/3dicons/specialists/empireofskies/icon_explosive_expert.png"
"2223","data/ui/2kimages/main/3dicons/specialists/empireofskies/icon_warm_fracking_expert.png"
"2224","data/ui/2kimages/main/3dicons/specialists/empireofskies/icon_scientist_mineralogist.png"
"1895","data/ui/2kimages/main/3dicons/specialists/empireofskies/icon_emergency_military.png"
"8908","data/ui/2kimages/main/3dicons/specialists/systemic/icon_doctor_518.png"
"136823","data/ui/2kimages/main/3dicons/highlife/icon_plantation_item_2_sa.png"
"136819","data/ui/2kimages/main/3dicons/highlife/icon_plantation_item_3_sa.png"
"136827","data/ui/2kimages/main/3dicons/highlife/icon_chemical_plant_item_1.png"
"137631","data/ui/2kimages/main/3dicons/highlife/icon_assembly_line_item_new_2.png"
"136885","data/ui/2kimages/main/3dicons/specialists/highlife/icon_specialist_mall_01.png"
"270041","data/ui/2kimages/main/3dicons/icon_om_tractor.png"
"25240","data/ui/2kimages/main/3dicons/icon_silo.png"
"25241","data/ui/2kimages/main/3dicons/icon_silo.png"
"25242","data/ui/2kimages/main/3dicons/icon_silo.png"
"269837","data/ui/2kimages/main/3dicons/icon_tractor.png"
"269839","data/ui/2kimages/main/3dicons/icon_tractor.png"
"269957","data/ui/2kimages/main/3dicons/icon_silo.png"
"269848","data/ui/2kimages/main/3dicons/icon_tractor.png"
"269849","data/ui/2kimages/main/3dicons/icon_tractor.png"
"269958","data/ui/2kimages/main/3dicons/icon_silo.png"
"119026","data/ui/2kimages/main/3dicons/icon_tractor.png"
"119027","data/ui/2kimages/main/3dicons/icon_tractor.png"
"119025","data/ui/2kimages/main/3dicons/icon_silo.png"
"25638","data/ui/2kimages/main/3dicons/palace/icon_manufacturing_reform.png"
"25639","data/ui/2kimages/main/3dicons/palace/icon_manufacturing_reform.png"
"25640","data/ui/2kimages/main/3dicons/palace/icon_manufacturing_reform.png"
"25641","data/ui/2kimages/main/3dicons/palace/icon_manufacturing_reform.png"
"25642","data/ui/2kimages/main/3dicons/palace/icon_manufacturing_reform.png"
"25643","data/ui/2kimages/main/3dicons/palace/icon_manufacturing_reform.png"
"25644","data/ui/2kimages/main/3dicons/palace/icon_manufacturing_reform.png"
"25645","data/ui/2kimages/main/3dicons/palace/icon_manufacturing_reform.png"
"25646","data/ui/2kimages/main/3dicons/palace/icon_manufacturing_reform.png"
"25651","data/ui/2kimages/main/3dicons/palace/icon_manufacturing_reform.png"
"25652","data/ui/2kimages/main/3dicons/palace/icon_manufacturing_reform.png"
"25653","data/ui/2kimages/main/3dicons/palace/icon_manufacturing_reform.png"
"25654","data/ui/2kimages/main/3dicons/palace/icon_manufacturing_reform.png"
"25655","data/ui/2kimages/main/3dicons/palace/icon_manufacturing_reform.png"
"25656","data/ui/2kimages/main/3dicons/palace/icon_manufacturing_reform.png"
"25657","data/ui/2kimages/main/3dicons/palace/icon_manufacturing_reform.png"
"25658","data/ui/2kimages/main/3dicons/palace/icon_manufacturing_reform.png"
"112919","data/ui/2kimages/main/3dicons/consumables/icon_oil_extractor_3.png"
"112920","data/ui/2kimages/main/3dicons/consumables/icon_oil_extractor_2.png"
"269191","data/ui/2kimages/main/3dicons/palace/icon_agricultural_subsidy.png"
"269254","data/ui/2kimages/main/3dicons/palace/icon_agricultural_subsidy.png"
"269255","data/ui/2kimages/main/3dicons/palace/icon_agricultural_subsidy.png"
"269256","data/ui/2kimages/main/3dicons/palace/icon_agricultural_subsidy.png"
"269257","data/ui/2kimages/main/3dicons/palace/icon_agricultural_subsidy.png"
"269564","data/ui/2kimages/main/3dicons/palace/icon_agricultural_subsidy.png"
"269565","data/ui/2kimages/main/3dicons/palace/icon_agricultural_subsidy.png"
"269566","data/ui/2kimages/main/3dicons/palace/icon_agricultural_subsidy.png"
"269366","data/ui/2kimages/main/3dicons/palace/icon_agricultural_subsidy.png"
"269200","data/ui/2kimages/main/3dicons/palace/icon_manufacturing_reform.png"
"269275","data/ui/2kimages/main/3dicons/palace/icon_manufacturing_reform.png"
"269276","data/ui/2kimages/main/3dicons/palace/icon_manufacturing_reform.png"
"269277","data/ui/2kimages/main/3dicons/palace/icon_manufacturing_reform.png"
"269278","data/ui/2kimages/main/3dicons/palace/icon_manufacturing_reform.png"
"269279","data/ui/2kimages/main/3dicons/palace/icon_manufacturing_reform.png"
"269280","data/ui/2kimages/main/3dicons/palace/icon_manufacturing_reform.png"
"269281","data/ui/2kimages/main/3dicons/palace/icon_manufacturing_reform.png"
"269282","data/ui/2kimages/main/3dicons/palace/icon_manufacturing_reform.png"
"269399","data/ui/2kimages/main/3dicons/palace/icon_manufacturing_reform.png"
"280087","data/ui/2kimages/main/3dicons/palace/icon_manufacturing_reform.png"
"280088","data/ui/2kimages/main/3dicons/palace/icon_manufacturing_reform.png"
"280089","data/ui/2kimages/main/3dicons/palace/icon_manufacturing_reform.png"
"280090","data/ui/2kimages/main/3dicons/palace/icon_manufacturing_reform.png"
"280091","data/ui/2kimages/main/3dicons/palace/icon_manufacturing_reform.png"
"280092","data/ui/2kimages/main/3dicons/palace/icon_manufacturing_reform.png"
"280093","data/ui/2kimages/main/3dicons/palace/icon_manufacturing_reform.png"
"112641","data/ui/2kimages/main/icons/icon_session_passage.png"
"15000000","data/ui/2kimages/main/3dicons/resident/icon_resident_farmer.png"
"15000001","data/ui/2kimages/main/3dicons/resident/icon_resident_worker.png"
"15000002","data/ui/2kimages/main/3dicons/resident/icon_resident_artisan.png"
"15000003","data/ui/2kimages/main/3dicons/resident/icon_resident_engineer.png"
"15000004","data/ui/2kimages/main/3dicons/resident/icon_resident_investor.png"
"15000005","data/ui/2kimages/main/3dicons/resident/icon_resident_jornalero.png"
"15000006","data/ui/2kimages/main/3dicons/resident/icon_resident_obrera.png"
"5403","data/ui/2kimages/main/3dicons/resident/icon_resident_artista.png"
"601379","data/ui/2kimages/main/3dicons/resident/icon_resident_tourist.png"
"112642","data/ui/2kimages/main/3dicons/resident/icon_resident_colony03_tier01.png"
"112643","data/ui/2kimages/main/3dicons/resident/icon_resident_colony03_tier02.png"
"114329","data/ui/2kimages/main/3dicons/resident/icon_resident_sheperd.png"
"114330","data/ui/2kimages/main/3dicons/resident/icon_resident_elder.png"
"118745","data/ui/2kimages/main/3dicons/resident/icon_resident_scholars.png"
"114751","data/ui/2kimages/main/3dicons/icon_heating_center.png"
"117547","data/ui/2kimages/main/3dicons/icon_electric_works_gas.png"
"100780","data/ui/2kimages/main/3dicons/icon_electric_works_oil.png"
"5164","data/ui/2kimages/main/3dicons/icon_electric_works_coal.png"
"502031","data/ui/2kimages/main/icons/icon_session_moderate.png"
"502052","data/ui/2kimages/main/icons/icon_session_moderate.png"
"502040","data/ui/2kimages/main/icons/icon_session_moderate.png"
"502046","data/ui/2kimages/main/icons/icon_session_moderate.png"
"1010017","data/ui/2kimages/main/icons/icon_resource_money_4.png"
"1010190","data/ui/2kimages/main/icons/icon_influence.png"
"25131","data/ui/2kimages/main/3dicons/scenario/goods/icon_atole.png"
"24807","data/ui/2kimages/main/3dicons/icon_dung.png"
"24808","data/ui/2kimages/main/3dicons/scenario/goods/icon_fertilizer_good.png"
"25506","data/ui/2kimages/main/3dicons/icon_tabasco_sauce.png"
"25546","data/ui/2kimages/main/3dicons/hacienda/icon_hacienda_main.png"
"103866","data/ui/2kimages/main/3dicons/narative_item/empireofskies/icon_pile_of_letters.png"
"120021","data/ui/2kimages/main/3dicons/icon_coal.png"
"1010566","data/ui/2kimages/main/3dicons/icon_oil.png"
"120022","data/ui/2kimages/main/3dicons/icon_electricity.png"
"119392","data/ui/2kimages/main/icons/icon_research_resource.png"
"1591","data/ui/2kimages/main/3dicons/icon_mineral_desposits.png"
"1955","data/ui/2kimages/main/3dicons/icon_fertile_lands.png"
"836","data/ui/2kimages/main/3dicons/icon_bauxit.png"
"838","data/ui/2kimages/main/3dicons/icon_aluminium.png"
"840","data/ui/2kimages/main/3dicons/icon_helium.png"
"1414","data/ui/2kimages/main/3dicons/icon_industrial_lubricant_a.png"
"846","data/ui/2kimages/main/3dicons/drop_goods/icon_dropgood_bomb_b.png"
"847","data/ui/2kimages/main/3dicons/drop_goods/icon_dropgood_seamines.png"
"848","data/ui/2kimages/main/3dicons/drop_goods/icon_dropgood_pamphlets.png"
"849","data/ui/2kimages/main/3dicons/drop_goods/icon_dropgood_care_packages.png"
"850","data/ui/2kimages/main/3dicons/drop_goods/icon_dropgood_water.png"
"917","data/ui/2kimages/main/3dicons/icon_rich_sea_2.png"
"535","data/ui/2kimages/main/3dicons/mail/icon_letter_normal.png"
"536","data/ui/2kimages/main/3dicons/mail/icon_letter_delivered.png"
"2524","data/ui/2kimages/main/3dicons/mail/icon_letter_oversea.png"
"4267","data/ui/2kimages/main/3dicons/scenario/goods/icon_herbarium.png"
"4268","data/ui/2kimages/main/3dicons/narative_item/empireofskies/icon_valuable_sketches_b.png"
"120020","data/ui/2kimages/main/3dicons/icon_marketplace.png"
"1010349","data/ui/2kimages/main/3dicons/icon_pub.png"
"1010350","data/ui/2kimages/main/3dicons/icon_church.png"
"1010351","data/ui/2kimages/main/3dicons/icon_school.png"
"1010352","data/ui/2kimages/main/3dicons/icon_cabaret.png"
"1010353","data/ui/2kimages/main/3dicons/icon_university.png"
"1010354","data/ui/2kimages/main/3dicons/icon_electric_works_oil.png"
"1010355","data/ui/2kimages/main/3dicons/icon_club_house.png"
"1010356","data/ui/2kimages/main/3dicons/icon_bank.png"
"120050","data/ui/2kimages/main/3dicons/icon_church.png"
"1010348","data/ui/2kimages/main/3dicons/icon_box_arena.png"
"112708","data/ui/2kimages/main/3dicons/icon_heating_center.png"
"112693","data/ui/2kimages/main/3dicons/icon_post_office.png"
"114890","data/ui/2kimages/main/3dicons/icon_canteen.png"
"269751","data/ui/2kimages/main/icons/icon_gasoline_3d_outline.png"
"270042","data/ui/2kimages/main/3dicons/icon_gasoline.png"
"133891","data/ui/2kimages/main/3dicons/icon_visitor_harbour.png"
"132751","data/ui/2kimages/main/3dicons/icon_restaurant.png"
"132754","data/ui/2kimages/main/3dicons/icon_bar.png"
"132755","data/ui/2kimages/main/3dicons/icon_caffee.png"
"133573","data/ui/2kimages/main/3dicons/icon_cabaret.png"
"601485","data/ui/2kimages/main/3dicons/icon_zoo.png"
"133535","data/ui/2kimages/main/3dicons/icon_museum.png"
"355","data/ui/2kimages/main/3dicons/icon_botanic_garden.png"
"134257","data/ui/2kimages/main/3dicons/palace/icon_palace.png"
"132761","data/ui/2kimages/main/3dicons/icon_eiffel_tower.png"
"133536","data/ui/2kimages/main/3dicons/icon_world_fair_2.png"
"134781","data/ui/2kimages/main/3dicons/icon_docklands_main.png"
"137757","data/ui/2kimages/main/3dicons/icon_highlife_skyliner_monument.png"
"135108","data/ui/2kimages/main/3dicons/icon_mall.png"
"135107","data/ui/2kimages/main/3dicons/icon_furnitures.png"
"135109","data/ui/2kimages/main/3dicons/icon_drugstore.png"
"2038","data/ui/2kimages/main/3dicons/icon_settlement_rights_1.png"
"5831","data/ui/2kimages/main/3dicons/public_building/icon_samba_school.png"
"5830","data/ui/2kimages/main/3dicons/public_building/icon_cinema.png"
"6261","data/ui/2kimages/main/3dicons/city_institution/icon_police_advanced.png"
"6262","data/ui/2kimages/main/3dicons/city_institution/icon_fire_brigade_advanced.png"
"6263","data/ui/2kimages/main/3dicons/city_institution/icon_hospital_advanced.png"
"6265","data/ui/2kimages/main/3dicons/public_building/icon_beach.png"
"1010192","data/ui/2kimages/main/3dicons/icon_cereals_2.png"
"1010193","data/ui/2kimages/main/3dicons/icon_meat_raw.png"
"1010194","data/ui/2kimages/main/3dicons/icon_hops.png"
"1010195","data/ui/2kimages/main/3dicons/icon_potatoes.png"
"120008","data/ui/2kimages/main/3dicons/icon_wood_log.png"
"1010197","data/ui/2kimages/main/3dicons/icon_wool.png"
"1010199","data/ui/2kimages/main/3dicons/icon_pigs.png"
"1010209","data/ui/2kimages/main/3dicons/icon_fur.png"
"120014","data/ui/2kimages/main/3dicons/icon_grapes.png"
"1010198","data/ui/2kimages/main/3dicons/icon_pepper.png"
"1010200","data/ui/2kimages/main/3dicons/icon_fish.png"
"1010232","data/ui/2kimages/main/3dicons/icon_niter.png"
"1010228","data/ui/2kimages/main/3dicons/icon_quartz_sand.png"
"1010202","data/ui/2kimages/main/3dicons/icon_reinforced_concrete.png"
"1010203","data/ui/2kimages/main/3dicons/icon_soap_2.png"
"1010196","data/ui/2kimages/main/3dicons/icon_wooden_planks.png"
"1010205","data/ui/2kimages/main/3dicons/icon_bricks.png"
"1010247","data/ui/2kimages/main/3dicons/icon_fur_coats.png"
"1010207","data/ui/2kimages/main/3dicons/icon_glass_window_3.png"
"1010208","data/ui/2kimages/main/3dicons/icon_light_bulb.png"
"1010210","data/ui/2kimages/main/3dicons/icon_sail.png"
"1010211","data/ui/2kimages/main/3dicons/icon_chassis.png"
"1010201","data/ui/2kimages/main/3dicons/icon_clay.png"
"1010206","data/ui/2kimages/main/3dicons/icon_sewing_machine.png"
"1010213","data/ui/2kimages/main/3dicons/icon_bread.png"
"1010214","data/ui/2kimages/main/3dicons/icon_beer.png"
"1010215","data/ui/2kimages/main/3dicons/icon_goulash_01.png"
"1010217","data/ui/2kimages/main/3dicons/icon_canned_goulash.png"
"1010216","data/ui/2kimages/main/3dicons/icon_schnapps_4.png"
"1010238","data/ui/2kimages/main/3dicons/icon_meat_sausage.png"
"120016","data/ui/2kimages/main/3dicons/icon_champagne.png"
"1010218","data/ui/2kimages/main/3dicons/icon_beams.png"
"1010219","data/ui/2kimages/main/3dicons/icon_steel.png"
"1010221","data/ui/2kimages/main/3dicons/icon_weapons.png"
"1010222","data/ui/2kimages/main/3dicons/icon_dynamite.png"
"1010223","data/ui/2kimages/main/3dicons/icon_advanced_weaponry.png"
"1010224","data/ui/2kimages/main/3dicons/icon_steam_machine.png"
"1010225","data/ui/2kimages/main/3dicons/icon_steam_carriage.png"
"1010204","data/ui/2kimages/main/3dicons/icon_brass.png"
"1010226","data/ui/2kimages/main/3dicons/icon_coal.png"
"1010227","data/ui/2kimages/main/3dicons/icon_iron.png"
"1010229","data/ui/2kimages/main/3dicons/icon_tin_ore.png"
"1010230","data/ui/2kimages/main/3dicons/icon_copper.png"
"1010231","data/ui/2kimages/main/3dicons/icon_cement.png"
"1010233","data/ui/2kimages/main/3dicons/icon_gold_ore.png"
"1010234","data/ui/2kimages/main/3dicons/icon_tallow.png"
"1010235","data/ui/2kimages/main/3dicons/icon_flour.png"
"1010236","data/ui/2kimages/main/3dicons/icon_malt.png"
"1010237","data/ui/2kimages/main/3dicons/icon_working_cloth.png"
"1010241","data/ui/2kimages/main/3dicons/icon_glass.png"
"1010242","data/ui/2kimages/main/3dicons/icon_inlay.png"
"1010243","data/ui/2kimages/main/3dicons/icon_carbon_filament.png"
"1010245","data/ui/2kimages/main/3dicons/icon_high_wheeler.png"
"1010246","data/ui/2kimages/main/3dicons/icon_pocket_watch.png"
"120030","data/ui/2kimages/main/3dicons/icon_glasses.png"
"1010248","data/ui/2kimages/main/3dicons/icon_phonographs.png"
"1010249","data/ui/2kimages/main/3dicons/icon_gold.png"
"1010250","data/ui/2kimages/main/3dicons/icon_jewelry.png"
"1010251","data/ui/2kimages/main/3dicons/icon_cane_sugar_1.png"
"1010252","data/ui/2kimages/main/3dicons/icon_tobacco.png"
"1010253","data/ui/2kimages/main/3dicons/icon_cotton.png"
"1010254","data/ui/2kimages/main/3dicons/icon_cocoa.png"
"1010255","data/ui/2kimages/main/3dicons/icon_caoutchouc.png"
"120031","data/ui/2kimages/main/3dicons/icon_coffee_beans.png"
"120034","data/ui/2kimages/main/3dicons/icon_corn.png"
"120036","data/ui/2kimages/main/3dicons/icon_alpaca_wool.png"
"120041","data/ui/2kimages/main/3dicons/icon_banana.png"
"1010256","data/ui/2kimages/main/3dicons/icon_pearls.png"
"120042","data/ui/2kimages/main/3dicons/icon_fishoil.png"
"120043","data/ui/2kimages/main/3dicons/icon_poncho.png"
"120044","data/ui/2kimages/main/3dicons/icon_felt.png"
"120037","data/ui/2kimages/main/3dicons/icon_bowler_hat.png"
"1010257","data/ui/2kimages/main/3dicons/icon_rum_barrel.png"
"1010258","data/ui/2kimages/main/3dicons/icon_chocolate.png"
"120032","data/ui/2kimages/main/3dicons/icon_coffe_cup.png"
"120033","data/ui/2kimages/main/3dicons/icon_fried_bananas.png"
"120035","data/ui/2kimages/main/3dicons/icon_burrito.png"
"1010239","data/ui/2kimages/main/3dicons/icon_salt.png"
"1010240","data/ui/2kimages/main/3dicons/icon_cotton_fur.png"
"1010259","data/ui/2kimages/main/3dicons/icon_cigars.png"
"112694","data/ui/2kimages/main/3dicons/icon_reindeer_meat.png"
"112697","data/ui/2kimages/main/3dicons/icon_goose_feathers.png"
"112695","data/ui/2kimages/main/3dicons/icon_bear_fur.png"
"112698","data/ui/2kimages/main/3dicons/animals/icon_husky.png"
"112699","data/ui/2kimages/main/3dicons/icon_whale_oil_2.png"
"112696","data/ui/2kimages/main/3dicons/icon_seal_skin.png"
"112705","data/ui/2kimages/main/3dicons/icon_pemmican.png"
"112702","data/ui/2kimages/main/3dicons/icon_oil_lamps.png"
"112701","data/ui/2kimages/main/3dicons/icon_sleeping_bags.png"
"112700","data/ui/2kimages/main/3dicons/icon_fur_parka.png"
"112704","data/ui/2kimages/main/3dicons/icon_sled_frame.png"
"112703","data/ui/2kimages/main/3dicons/icon_sled.png"
"112706","data/ui/2kimages/main/3dicons/icon_gas_red.png"
"115980","data/ui/2kimages/main/3dicons/icon_passage_junk.png"
"114355","data/ui/2kimages/main/3dicons/icon_bazaar.png"
"114361","data/ui/2kimages/main/3dicons/icon_music_plaza.png"
"114362","data/ui/2kimages/main/3dicons/icon_monastery.png"
"114425","data/ui/2kimages/main/3dicons/icon_radio_station.png"
"24821","data/ui/2kimages/main/3dicons/machine_items/icon_fertilizer_1.png"
"24824","data/ui/2kimages/main/3dicons/goods_highlife/icon_bubble_gum.png"
"24837","data/ui/2kimages/main/3dicons/icon_gasoline.png"
"24846","data/ui/2kimages/main/3dicons/scenario/goods/icon_cyanide_leacher.png"
"24850","data/ui/2kimages/main/3dicons/scenario/goods/icon_silver_smelter.png"
"24851","data/ui/2kimages/main/3dicons/scenario/goods/icon_silver_coin_good.png"
"24852","data/ui/2kimages/main/3dicons/scenario/goods/icon_ammonia.png"
"24863","data/ui/2kimages/main/3dicons/icon_whale_oil_2.png"
"25073","data/ui/2kimages/main/3dicons/icon_rich_sea_2.png"
"114356","data/ui/2kimages/main/3dicons/goods_africa/icon_wansa_wood.png"
"114364","data/ui/2kimages/main/3dicons/goods_africa/icon_hibiscus_farm.png"
"114365","data/ui/2kimages/main/3dicons/goods_africa/icon_linen_farm.png"
"114367","data/ui/2kimages/main/3dicons/goods_africa/icon_teff_grass.png"
"114368","data/ui/2kimages/main/3dicons/goods_africa/icon_indigo.png"
"114369","data/ui/2kimages/main/3dicons/goods_africa/icon_spices.png"
"114370","data/ui/2kimages/main/3dicons/goods_africa/icon_beeswax.png"
"114357","data/ui/2kimages/main/3dicons/goods_africa/icon_watusi.png"
"114371","data/ui/2kimages/main/3dicons/goods_africa/icon_goat_milk.png"
"114358","data/ui/2kimages/main/3dicons/goods_africa/icon_salt.png"
"117702","data/ui/2kimages/main/3dicons/goods_africa/icon_paper.png"
"118728","data/ui/2kimages/main/3dicons/goods_africa/icon_seafood.png"
"114391","data/ui/2kimages/main/3dicons/goods_africa/icon_linen_fabric.png"
"114408","data/ui/2kimages/main/3dicons/goods_africa/icon_teff_flour.png"
"117701","data/ui/2kimages/main/3dicons/goods_africa/icon_candles.png"
"114359","data/ui/2kimages/main/3dicons/goods_africa/icon_dried_meat.png"
"114401","data/ui/2kimages/main/3dicons/goods_africa/icon_traditional_clothing.png"
"114390","data/ui/2kimages/main/3dicons/goods_africa/icon_hibiscus_tea.png"
"114402","data/ui/2kimages/main/3dicons/goods_africa/icon_mud_bricks.png"
"118724","data/ui/2kimages/main/3dicons/goods_africa/icon_ceramics.png"
"114404","data/ui/2kimages/main/3dicons/goods_africa/icon_tapestries.png"
"114410","data/ui/2kimages/main/3dicons/goods_africa/icon_wat_stew.png"
"114414","data/ui/2kimages/main/3dicons/goods_africa/icon_tobacco_pipes.png"
"117698","data/ui/2kimages/main/3dicons/goods_africa/icon_scriptures.png"
"117699","data/ui/2kimages/main/3dicons/goods_africa/icon_lanterns.png"
"114428","data/ui/2kimages/main/3dicons/goods_africa/icon_leather_shoes.png"
"114430","data/ui/2kimages/main/3dicons/goods_africa/icon_suits.png"
"114431","data/ui/2kimages/main/3dicons/goods_africa/icon_telephones.png"
"133183","data/ui/2kimages/main/3dicons/icon_jam.png"
"133181","data/ui/2kimages/main/3dicons/icon_shampoo.png"
"133185","data/ui/2kimages/main/3dicons/icon_lemonade.png"
"133532","data/ui/2kimages/main/3dicons/icon_souvenir.png"
"133093","data/ui/2kimages/main/3dicons/icon_cinamon.png"
"133095","data/ui/2kimages/main/3dicons/icon_coconut.png"
"133097","data/ui/2kimages/main/3dicons/icon_citrus.png"
"134616","data/ui/2kimages/main/3dicons/icon_cellulose.png"
"134623","data/ui/2kimages/main/3dicons/goods_highlife/icon_elevator.png"
"135229","data/ui/2kimages/main/3dicons/goods_highlife/icon_cookie.png"
"135230","data/ui/2kimages/main/3dicons/goods_highlife/icon_typewriter.png"
"135086","data/ui/2kimages/main/3dicons/icon_wood_resin.png"
"135087","data/ui/2kimages/main/3dicons/icon_cherry_wood.png"
"135129","data/ui/2kimages/main/3dicons/goods_highlife/icon_lacquer.png"
"135234","data/ui/2kimages/main/3dicons/goods_highlife/icon_cognac.png"
"135233","data/ui/2kimages/main/3dicons/goods_highlife/icon_violin.png"
"135232","data/ui/2kimages/main/3dicons/goods_highlife/icon_billard.png"
"135231","data/ui/2kimages/main/3dicons/goods_highlife/icon_toys.png"
"135186","data/ui/2kimages/main/3dicons/goods_highlife/icon_bubble_gum.png"
"135130","data/ui/2kimages/main/3dicons/goods_highlife/icon_ethanol.png"
"135150","data/ui/2kimages/main/3dicons/goods_highlife/icon_celluloid.png"
"135816","data/ui/2kimages/main/3dicons/goods_highlife/icon_toaster.png"
"135876","data/ui/2kimages/main/3dicons/goods_highlife/icon_dishes.png"
"135877","data/ui/2kimages/main/3dicons/goods_highlife/icon_vacuumcleaner.png"
"135878","data/ui/2kimages/main/3dicons/goods_highlife/icon_refrigerator.png"
"135879","data/ui/2kimages/main/3dicons/goods_highlife/icon_suitcase.png"
"135880","data/ui/2kimages/main/3dicons/goods_highlife/icon_bankerlamp.png"
"135881","data/ui/2kimages/main/3dicons/goods_highlife/icon_paravent.png"
"135882","data/ui/2kimages/main/3dicons/goods_highlife/icon_secretary.png"
"135883","data/ui/2kimages/main/3dicons/goods_highlife/icon_canopy.png"
"135884","data/ui/2kimages/main/3dicons/goods_highlife/icon_chesterfield.png"
"135885","data/ui/2kimages/main/3dicons/goods_highlife/icon_toothpaste.png"
"135886","data/ui/2kimages/main/3dicons/goods_highlife/icon_detergent.png"
"135887","data/ui/2kimages/main/3dicons/goods_highlife/icon_lipstick.png"
"135888","data/ui/2kimages/main/3dicons/goods_highlife/icon_facecreme.png"
"135889","data/ui/2kimages/main/3dicons/goods_highlife/icon_pomade.png"
"5383","data/ui/2kimages/main/3dicons/production_goods/icon_herbs_with_flower.png"
"5384","data/ui/2kimages/main/3dicons/production_goods/icon_nandu_leather.png"
"5401","data/ui/2kimages/main/3dicons/production_goods/icon_nandu_feathers.png"
"5385","data/ui/2kimages/main/3dicons/icon_sheep_milk.png"
"5386","data/ui/2kimages/main/3dicons/production_goods/icon_orchid.png"
"5380","data/ui/2kimages/main/3dicons/production_goods/icon_squid.png"
"5387","data/ui/2kimages/main/3dicons/production_goods/icon_plusgood_bauxit.png"
"5393","data/ui/2kimages/main/3dicons/recipes/icon_extinguisher.png"
"5394","data/ui/2kimages/main/3dicons/recipes/icon_police_equipment.png"
"5395","data/ui/2kimages/main/3dicons/production_goods/icon_ventilator.png"
"5397","data/ui/2kimages/main/3dicons/production_goods/icon_medicine.png"
"6280","data/ui/2kimages/main/3dicons/scenario/goods/icon_electric_cable_3.png"
"5381","data/ui/2kimages/main/3dicons/production_goods/icon_jalea.png"
"5382","data/ui/2kimages/main/3dicons/production_goods/icon_icecream_cone.png"
"6600","data/ui/2kimages/main/3dicons/production_goods/icon_mezcal.png"
"5803","data/ui/2kimages/main/3dicons/production_goods/icon_ballsports.png"
"5389","data/ui/2kimages/main/3dicons/production_goods/icon_costumes.png"
"5388","data/ui/2kimages/main/3dicons/production_goods/icon_perfume.png"
"5400","data/ui/2kimages/main/3dicons/recipes/icon_pigments.png"
"5390","data/ui/2kimages/main/3dicons/production_goods/icon_motor.png"
"5391","data/ui/2kimages/main/3dicons/production_goods/icon_scooter.png"
"5392","data/ui/2kimages/main/3dicons/production_goods/icon_film_role.png"
"5399","data/ui/2kimages/main/3dicons/production_goods/icon_plusgood_ammonia.png"
"5398","data/ui/2kimages/main/3dicons/production_goods/icon_minerals.png"
"6360","data/ui/2kimages/main/3dicons/icon_iron_ore.png"
"132747","data/ui/2kimages/main/3dicons/recipes/icon_schnitzel.png"
"132750","data/ui/2kimages/main/3dicons/recipes/icon_goulash.png"
"133339","data/ui/2kimages/main/3dicons/recipes/icon_fish_and_chips.png"
"133340","data/ui/2kimages/main/3dicons/recipes/icon_venison_ragout.png"
"133341","data/ui/2kimages/main/3dicons/recipes/icon_lobster_fume.png"
"6136","data/ui/2kimages/main/3dicons/recipes/icon_empanadas.png"
"132753","data/ui/2kimages/main/3dicons/recipes/icon_berliner.png"
"133347","data/ui/2kimages/main/3dicons/recipes/icon_eclair.png"
"133348","data/ui/2kimages/main/3dicons/recipes/icon_palmier_biscuit.png"
"133349","data/ui/2kimages/main/3dicons/recipes/icon_venison_tartare.png"
"133350","data/ui/2kimages/main/3dicons/recipes/icon_banana_surprise.png"
"6138","data/ui/2kimages/main/3dicons/production_goods/icon_icecream_cup.png"
"132752","data/ui/2kimages/main/3dicons/recipes/icon_daiquiri_tropic.png"
"133342","data/ui/2kimages/main/3dicons/recipes/icon_black_muscovy.png"
"133343","data/ui/2kimages/main/3dicons/recipes/icon_montmatre.png"
"133345","data/ui/2kimages/main/3dicons/recipes/icon_glogg.png"
"133346","data/ui/2kimages/main/3dicons/recipes/icon_enbesa_sunrise.png"
"6137","data/ui/2kimages/main/3dicons/production_goods/icon_absinthe.png"
"135103","data/ui/2kimages/main/3dicons/goods_highlife/icon_toaster.png"
"135188","data/ui/2kimages/main/3dicons/goods_highlife/icon_vacuumcleaner.png"
"135187","data/ui/2kimages/main/3dicons/goods_highlife/icon_dishes.png"
"135189","data/ui/2kimages/main/3dicons/goods_highlife/icon_refrigerator.png"
"135190","data/ui/2kimages/main/3dicons/goods_highlife/icon_suitcase.png"
"135105","data/ui/2kimages/main/3dicons/goods_highlife/icon_bankerlamp.png"
"135121","data/ui/2kimages/main/3dicons/goods_highlife/icon_paravent.png"
"135120","data/ui/2kimages/main/3dicons/goods_highlife/icon_secretary.png"
"135122","data/ui/2kimages/main/3dicons/goods_highlife/icon_canopy.png"
"135123","data/ui/2kimages/main/3dicons/goods_highlife/icon_chesterfield.png"
"134631","data/ui/2kimages/main/3dicons/goods_highlife/icon_toothpaste.png"
"135191","data/ui/2kimages/main/3dicons/goods_highlife/icon_detergent.png"
"135192","data/ui/2kimages/main/3dicons/goods_highlife/icon_lipstick.png"
"135193","data/ui/2kimages/main/3dicons/goods_highlife/icon_facecreme.png"
"135194","data/ui/2kimages/main/3dicons/goods_highlife/icon_pomade.png"
"133928","data/ui/2kimages/main/3dicons/recipes/icon_brioche_royale.png"
"133930","data/ui/2kimages/main/3dicons/recipes/icon_trifle_tower.png"
"133931","data/ui/2kimages/main/3dicons/recipes/icon_marmelade_review.png"
"133932","data/ui/2kimages/main/3dicons/recipes/icon_age_of_exploration.png"
"133933","data/ui/2kimages/main/3dicons/recipes/icon_homarde_lit_de_terrorir.png"
"6353","data/ui/2kimages/main/3dicons/city_institution/icon_police_advanced.png"
"6354","data/ui/2kimages/main/3dicons/city_institution/icon_fire_brigade_advanced.png"
"6355","data/ui/2kimages/main/3dicons/city_institution/icon_hospital_advanced.png"
"5840","data/ui/2kimages/main/3dicons/public_building/icon_samba_school.png"
"6018","data/ui/2kimages/main/3dicons/public_building/icon_cinema.png"
"6258","data/ui/2kimages/main/3dicons/city_institution/icon_police_advanced.png"
"6259","data/ui/2kimages/main/3dicons/city_institution/icon_fire_brigade_advanced.png"
"6260","data/ui/2kimages/main/3dicons/city_institution/icon_hospital_advanced.png"
"132780","data/ui/2kimages/main/3dicons/icon_restaurant.png"
"132782","data/ui/2kimages/main/3dicons/icon_caffee.png"
"132781","data/ui/2kimages/main/3dicons/icon_bar.png"
"135100","data/ui/2kimages/main/3dicons/icon_mall.png"
"135099","data/ui/2kimages/main/3dicons/icon_furnitures.png"
"134629","data/ui/2kimages/main/3dicons/icon_drugstore.png"
"132770","data/ui/2kimages/main/3dicons/icon_eiffel_tower.png"
"5000000","data/ui/2kimages/main/icons/icon_session_moderate.png"
"5000001","data/ui/2kimages/main/icons/icon_session_southamerica.png"
"160001","data/ui/2kimages/main/icons/icon_session_passage.png"
"114327","data/ui/2kimages/main/icons/icon_session_landoflions.png"
"601445","data/ui/2kimages/main/3dicons/icon_hotel.png"
"24792","data/ui/2kimages/main/3dicons/hacienda/icon_hacienda_module_jornalero.png"
"24793","data/ui/2kimages/main/3dicons/hacienda/icon_hacienda_module_obrera.png"
"1010343","data/ui/2kimages/main/3dicons/icon_resident.png"
"1010344","data/ui/2kimages/main/3dicons/icon_resident.png"
"1010345","data/ui/2kimages/main/3dicons/icon_resident.png"
"1010346","data/ui/2kimages/main/3dicons/icon_resident.png"
"1010347","data/ui/2kimages/main/3dicons/icon_resident.png"
"101254","data/ui/2kimages/main/3dicons/icon_resident.png"
"101255","data/ui/2kimages/main/3dicons/icon_resident.png"
"112091","data/ui/2kimages/main/3dicons/icon_resident.png"
"112652","data/ui/2kimages/main/3dicons/icon_resident.png"
"406","data/ui/2kimages/main/3dicons/icon_highlife_skyliner_monument.png"
"114436","data/ui/2kimages/main/3dicons/icon_resident.png"
"114437","data/ui/2kimages/main/3dicons/icon_resident.png"
"114445","data/ui/2kimages/main/3dicons/icon_residence_scholars.png"
"601888","data/ui/2kimages/main/3dicons/icon_dlc_high_life_128.png"
"601889","data/ui/2kimages/main/3dicons/icon_dlc_high_life_128.png"
"601890","data/ui/2kimages/main/3dicons/icon_dlc_high_life_128.png"
"601882","data/ui/2kimages/main/3dicons/icon_dlc_high_life_128.png"
"601883","data/ui/2kimages/main/3dicons/icon_dlc_high_life_128.png"
"601884","data/ui/2kimages/main/3dicons/icon_dlc_high_life_128.png"
"601886","data/ui/2kimages/main/3dicons/icon_dlc_high_life_128.png"
"601891","data/ui/2kimages/main/3dicons/icon_dlc_high_life_128.png"
"5405","data/ui/2kimages/main/3dicons/icon_resident.png"
"6086","data/ui/2kimages/main/3dicons/hacienda/icon_hacienda_module_artista.png"
"7728","data/ui/2kimages/main/3dicons/scenario/policies_hacienda/icon_dietary_education.png"
"191912","data/ui/2kimages/main/3dicons/consumables/icon_medicine_3.png"
"192022","data/ui/2kimages/main/3dicons/icon_sheep_cheese.png"
"192025","data/ui/2kimages/main/3dicons/icon_tools.png"
"192027","data/ui/2kimages/main/3dicons/icon_canned_food.png"
"190658","data/ui/2kimages/main/3dicons/specialists/systemic/icon_fireman_105.png"
"190672","data/ui/2kimages/main/3dicons/specialists/systemic/icon_normal_dressed_201_b.png"
"190673","data/ui/2kimages/main/3dicons/specialists/systemic/icon_normal_dressed_206_b.png"
"190674","data/ui/2kimages/main/3dicons/specialists/systemic/icon_well_dressed_201.png"
"190677","data/ui/2kimages/main/3dicons/specialists/systemic/icon_normal_dressed_404.png"
"190717","data/ui/2kimages/main/3dicons/specialists/systemic/icon_priest_715.png"
"190719","data/ui/2kimages/main/3dicons/specialists/icon_priest_epic.png"
"190193","data/ui/2kimages/main/3dicons/specialists/icon_priest_legendary.png"
"190724","data/ui/2kimages/main/3dicons/specialists/systemic/icon_well_dressed_109.png"
"190728","data/ui/2kimages/main/3dicons/specialists/systemic/icon_entertainer_801.png"
"191469","data/ui/2kimages/main/3dicons/specialists/systemic/icon_well_dressed_202.png"
"191470","data/ui/2kimages/main/3dicons/specialists/systemic/icon_well_dressed_402.png"
"191573","data/ui/2kimages/main/3dicons/specialists/systemic/icon_well_dressed_103.png"
"191579","data/ui/2kimages/main/3dicons/specialists/systemic/icon_well_dressed_110.png"
"192441","data/ui/2kimages/main/3dicons/specialists/influencer/icon_influencer_br4mm3n.png"
"191738","data/ui/2kimages/main/3dicons/museum/icon_book_comon.png"
"191739","data/ui/2kimages/main/3dicons/museum/icon_book_uncommon.png"
"191740","data/ui/2kimages/main/3dicons/museum/icon_book_rare.png"
"191777","data/ui/2kimages/main/3dicons/museum/icon_book_comon.png"
"191778","data/ui/2kimages/main/3dicons/museum/icon_book_uncommon.png"
"191779","data/ui/2kimages/main/3dicons/museum/icon_book_rare.png"
"191815","data/ui/2kimages/main/3dicons/museum/icon_book_comon.png"
"191816","data/ui/2kimages/main/3dicons/museum/icon_book_uncommon.png"
"191817","data/ui/2kimages/main/3dicons/museum/icon_book_rare.png"
"116161","data/ui/2kimages/main/3dicons/machine_items/icon_grill.png"
"116166","data/ui/2kimages/main/3dicons/machine_items/icon_heated_jacket.png"
"116169","data/ui/2kimages/main/3dicons/machine_items/icon_kettle.png"
"116182","data/ui/2kimages/main/3dicons/machine_items/icon_craft_beer_takeaway.png"
"116184","data/ui/2kimages/main/3dicons/machine_items/icon_hot_drinks_machine.png"
"116188","data/ui/2kimages/main/3dicons/machine_items/icon_ice_cream_maker.png"
"121004","data/ui/2kimages/main/3dicons/specialists/systemic/icon_adventurer_700.png"
"137263","data/ui/2kimages/main/3dicons/effects_highlife/icon_buff_dlc09_10.png"
"137264","data/ui/2kimages/main/3dicons/effects_highlife/icon_buff_dlc09_11.png"
"25634","data/ui/2kimages/main/3dicons/scenario/policies_hacienda/icon_dietary_education.png"
"11656","data/ui/2kimages/main/3dicons/machine_items/africa/item_insect_proof_net.png"
"191133","data/ui/2kimages/main/3dicons/animals/icon_moose.png"
"111161","data/ui/2kimages/main/3dicons/specialists/systemic/icon_bartender_324.png"
"111167","data/ui/2kimages/main/3dicons/specialists/systemic/icon_normal_dressed_203.png"
"111176","data/ui/2kimages/main/3dicons/specialists/systemic/icon_anarchist_manager__202.png"
"111178","data/ui/2kimages/main/3dicons/specialists/systemic/icon_anarchist_krapotkin.png"
"111180","data/ui/2kimages/main/3dicons/specialists/systemic/icon_anarchist_proud.png"
"113800","data/ui/2kimages/main/3dicons/specialists/systemic/sunken_treasure_rewards/icon_habour_master_700.png"
"116133","data/ui/2kimages/main/3dicons/specialists/systemic/icon_inuit_specialist_905.png"
"116151","data/ui/2kimages/main/3dicons/specialists/systemic/icon_inuit_specialist_1007.png"
"125114","data/ui/2kimages/main/3dicons/specialists/africa/icon_herder_3a.png"
"125119","data/ui/2kimages/main/3dicons/specialists/africa/icon_innkeeper_3a.png"
"125121","data/ui/2kimages/main/3dicons/specialists/africa/icon_enbesan_cook_2.png"
"125125","data/ui/2kimages/main/3dicons/specialists/africa/icon_ewahedo_faith_3.png"
"125127","data/ui/2kimages/main/3dicons/specialists/africa/icon_plants_adept_2.png"
"125130","data/ui/2kimages/main/3dicons/specialists/africa/icon_politician.png"
"125132","data/ui/2kimages/main/3dicons/specialists/africa/icon_keeper_of_tradition_1.png"
"125134","data/ui/2kimages/main/3dicons/specialists/africa/icon_keeper_of_tradition_3.png"
"129022","data/ui/2kimages/main/3dicons/specialists/africa/icon_amazing_tailor.png"
"125140","data/ui/2kimages/main/3dicons/specialists/africa/icon_telecommunication_expert_2.png"
"125143","data/ui/2kimages/main/3dicons/specialists/africa/icon_dean_2.png"
"125146","data/ui/2kimages/main/3dicons/specialists/africa/icon_enbesa_expatriate_3.png"
"125071","data/ui/2kimages/main/3dicons/machine_items/africa/item_landline_repeater.png"
"124208","data/ui/2kimages/main/3dicons/animals/icon_gelada.png"
"124914","data/ui/2kimages/main/3dicons/museum/africa/icon_nuk_terracota_figure.png"
"136668","data/ui/2kimages/main/3dicons/specialists/highlife/icon_specialist_hotelier_4.png"
"136697","data/ui/2kimages/main/3dicons/specialists/highlife/icon_specialist_hotelier_5.png"
"601908","data/ui/2kimages/main/icons/panorama_effect_levels/panorama_buff_01.png"
"601909","data/ui/2kimages/main/icons/panorama_effect_levels/panorama_buff_02.png"
"601910","data/ui/2kimages/main/icons/panorama_effect_levels/panorama_buff_03.png"
"601911","data/ui/2kimages/main/icons/panorama_effect_levels/panorama_buff_04.png"
"601912","data/ui/2kimages/main/icons/panorama_effect_levels/panorama_buff_05.png"
"601904","data/ui/2kimages/main/icons/panorama_effect_levels/panorama_buff_01.png"
"601903","data/ui/2kimages/main/icons/panorama_effect_levels/panorama_buff_02.png"
"601905","data/ui/2kimages/main/icons/panorama_effect_levels/panorama_buff_03.png"
"601906","data/ui/2kimages/main/icons/panorama_effect_levels/panorama_buff_04.png"
"601902","data/ui/2kimages/main/icons/panorama_effect_levels/panorama_buff_05.png"
"6148","data/ui/2kimages/main/3dicons/recipes/icon_empanadas.png"
"6154","data/ui/2kimages/main/3dicons/production_goods/icon_absinthe.png"
"6157","data/ui/2kimages/main/3dicons/production_goods/icon_icecream_cup.png"
"269407","data/ui/2kimages/main/3dicons/palace/icon_sustainable_eating.png"
"269453","data/ui/2kimages/main/3dicons/palace/icon_common_spirits_act.png"
"137798","data/ui/2kimages/main/3dicons/specialists/highlife/icon_specialist_hotelier_6.png"
"137797","data/ui/2kimages/main/3dicons/specialists/systemic/icon_specialist_delivery_service.png"
"133929","data/ui/2kimages/main/3dicons/recipes/icon_brioche_royale.png"
"133934","data/ui/2kimages/main/3dicons/recipes/icon_trifle_tower.png"
"133935","data/ui/2kimages/main/3dicons/recipes/icon_marmelade_review.png"
"133936","data/ui/2kimages/main/3dicons/recipes/icon_age_of_exploration.png"
"133937","data/ui/2kimages/main/3dicons/recipes/icon_homarde_lit_de_terrorir.png"
"132745","data/ui/2kimages/main/3dicons/recipes/icon_schnitzel.png"
"132749","data/ui/2kimages/main/3dicons/recipes/icon_goulash.png"
"133352","data/ui/2kimages/main/3dicons/recipes/icon_fish_and_chips.png"
"133353","data/ui/2kimages/main/3dicons/recipes/icon_venison_ragout.png"
"133354","data/ui/2kimages/main/3dicons/recipes/icon_lobster_fume.png"
"132758","data/ui/2kimages/main/3dicons/recipes/icon_daiquiri_tropic.png"
"133361","data/ui/2kimages/main/3dicons/recipes/icon_black_muscovy.png"
"133362","data/ui/2kimages/main/3dicons/recipes/icon_montmatre.png"
"133363","data/ui/2kimages/main/3dicons/recipes/icon_glogg.png"
"133364","data/ui/2kimages/main/3dicons/recipes/icon_enbesa_sunrise.png"
"132759","data/ui/2kimages/main/3dicons/recipes/icon_berliner.png"
"133357","data/ui/2kimages/main/3dicons/recipes/icon_eclair.png"
"133358","data/ui/2kimages/main/3dicons/recipes/icon_palmier_biscuit.png"
"133359","data/ui/2kimages/main/3dicons/recipes/icon_venison_tartare.png"
"133360","data/ui/2kimages/main/3dicons/recipes/icon_banana_surprise.png"
"135111","data/ui/2kimages/main/3dicons/goods_highlife/icon_toaster.png"
"135195","data/ui/2kimages/main/3dicons/goods_highlife/icon_dishes.png"
"135196","data/ui/2kimages/main/3dicons/goods_highlife/icon_vacuumcleaner.png"
"135197","data/ui/2kimages/main/3dicons/goods_highlife/icon_refrigerator.png"
"658","data/ui/2kimages/main/3dicons/goods_highlife/icon_suitcase.png"
"135112","data/ui/2kimages/main/3dicons/goods_highlife/icon_bankerlamp.png"
"135151","data/ui/2kimages/main/3dicons/goods_highlife/icon_paravent.png"
"135152","data/ui/2kimages/main/3dicons/goods_highlife/icon_secretary.png"
"135153","data/ui/2kimages/main/3dicons/goods_highlife/icon_canopy.png"
"661","data/ui/2kimages/main/3dicons/goods_highlife/icon_chesterfield.png"
"135113","data/ui/2kimages/main/3dicons/goods_highlife/icon_toothpaste.png"
"135199","data/ui/2kimages/main/3dicons/goods_highlife/icon_detergent.png"
"135200","data/ui/2kimages/main/3dicons/goods_highlife/icon_lipstick.png"
"135201","data/ui/2kimages/main/3dicons/goods_highlife/icon_facecreme.png"
"664","data/ui/2kimages/main/3dicons/goods_highlife/icon_pomade.png"
"180023","data/ui/2kimages/main/icons/icon_session_moderate_white.png"
"180025","data/ui/2kimages/main/icons/icon_session_southamerica_white.png"
"110934","data/ui/2kimages/main/icons/icon_session_sunken_treasure_white.png"
"180045","data/ui/2kimages/main/icons/icon_session_passage_white.png"
"112132","data/ui/2kimages/main/icons/icon_session_landoflions_white.png"
"191141","data/ui/2kimages/main/3dicons/museum/icon_museum_celts_stonehenge.png"
"124209","data/ui/2kimages/main/3dicons/animals/icon_lion.png"
"45","data/ui/2kimages/main/profiles/3rd_party_02.png"
"73","data/ui/2kimages/main/profiles/3rd_party_03.png"
"76","data/ui/2kimages/main/profiles/3rd_party_04.png"
"29","data/ui/2kimages/main/profiles/3rd_party_05.png"
"77","data/ui/2kimages/main/profiles/3rd_party_06.png"
"46","data/ui/2kimages/main/profiles/3rd_party_07.png"
"78","data/ui/2kimages/main/profiles/3rd_party_08.png"
"237","data/ui/2kimages/main/profiles/inuit_trader.png"
"119051","data/ui/2kimages/main/profiles/3rd_party_13.png"
"1010052","data/ui/2kimages/main/icons/workforce/icon_workforce_2.5d_farmer.png"
"1010115","data/ui/2kimages/main/icons/workforce/icon_workforce_2.5d_worker.png"
"1010116","data/ui/2kimages/main/icons/workforce/icon_workforce_2.5d_artisan.png"
"1010117","data/ui/2kimages/main/icons/workforce/icon_workforce_2.5d_engineer.png"
"1010128","data/ui/2kimages/main/icons/workforce/icon_workforce_2.5d_investor.png"
"1010366","data/ui/2kimages/main/icons/workforce/icon_workforce_2.5d_jornalero.png"
"1010367","data/ui/2kimages/main/icons/workforce/icon_workforce_2.5d_obrero.png"
"112653","data/ui/2kimages/main/icons/workforce/icon_workforce_2.5d_explorer.png"
"112654","data/ui/2kimages/main/icons/workforce/icon_workforce_2.5d_technician.png"
"132723","data/ui/2kimages/main/icons/workforce/icon_workforce_2.5d_tourist.png"
"5406","data/ui/2kimages/main/icons/workforce/icon_workforce_2.5d_artista.png"
"114340","data/ui/2kimages/main/icons/workforce/icon_workforce_2.5d_shepherd.png"
"114341","data/ui/2kimages/main/icons/workforce/icon_workforce_2.5d_elder.png"
"124478","data/ui/2kimages/main/icons/workforce/icon_workforce_2.5d_scholar.png"
